user,total_spent
Robin Suter,126.16666666666674
Jonas Matter,126.58333333333341
Patrick Scherler,126.83333333333341
Raphael Zimmermann,127.75000000000009
